area,start_time,end_time,visitor_count
exhibition hall,28800,29099,1
exhibition hall,30600,30899,1
exhibition hall,30900,31199,50
exhibition hall,31200,31499,166
exhibition hall,31500,31799,337
exhibition hall,31800,32099,507
exhibition hall,32100,32399,689
exhibition hall,32400,32699,773
exhibition hall,32700,32999,133
exhibition hall,33000,33299,37
exhibition hall,33300,33599,38
exhibition hall,33600,33899,39
exhibition hall,33900,34199,44
exhibition hall,34200,34499,49
exhibition hall,34500,34799,56
exhibition hall,34800,35099,109
exhibition hall,35100,35399,225
exhibition hall,35400,35699,96
exhibition hall,35700,35999,75
exhibition hall,36000,36299,75
exhibition hall,36300,36599,80
exhibition hall,36600,36899,99
exhibition hall,36900,37199,107
exhibition hall,37200,37499,106
exhibition hall,37500,37799,140
exhibition hall,37800,38099,275
exhibition hall,38100,38399,297
exhibition hall,38400,38699,475
exhibition hall,38700,38999,766
exhibition hall,39000,39299,969
exhibition hall,39300,39599,525
exhibition hall,39600,39899,116
exhibition hall,39900,40199,63
exhibition hall,40200,40499,56
exhibition hall,40500,40799,51
exhibition hall,40800,41099,48
exhibition hall,41100,41399,46
exhibition hall,41400,41699,70
exhibition hall,41700,41999,157
exhibition hall,42000,42299,85
exhibition hall,42300,42599,58
exhibition hall,42600,42899,56
exhibition hall,42900,43199,54
exhibition hall,43200,43499,52
exhibition hall,43500,43799,7
exhibition hall,43800,44099,16
exhibition hall,44100,44399,36
exhibition hall,44400,44699,47
exhibition hall,44700,44999,27
exhibition hall,45000,45299,29
exhibition hall,45300,45599,35
exhibition hall,45600,45899,60
exhibition hall,45900,46199,95
exhibition hall,46200,46499,136
exhibition hall,46500,46799,195
exhibition hall,46800,47099,326
exhibition hall,47100,47399,483
exhibition hall,47400,47699,596
exhibition hall,47700,47999,685
exhibition hall,48000,48299,771
exhibition hall,48300,48599,851
exhibition hall,48600,48899,926
exhibition hall,48900,49199,991
exhibition hall,49200,49499,1055
exhibition hall,49500,49799,1109
exhibition hall,49800,50099,1168
exhibition hall,50100,50399,1158
exhibition hall,50400,50699,1013
exhibition hall,50700,50999,441
exhibition hall,51000,51299,338
exhibition hall,51300,51599,335
exhibition hall,51600,51899,313
exhibition hall,51900,52199,292
exhibition hall,52200,52499,255
exhibition hall,52500,52799,226
exhibition hall,52800,53099,195
exhibition hall,53100,53399,171
exhibition hall,53400,53699,156
exhibition hall,53700,53999,160
exhibition hall,54000,54299,147
exhibition hall,54300,54599,111
exhibition hall,54600,54899,118
exhibition hall,54900,55199,118
exhibition hall,55200,55499,117
exhibition hall,55500,55799,115
exhibition hall,55800,56099,151
exhibition hall,56100,56399,132
exhibition hall,56400,56699,135
exhibition hall,56700,56999,142
exhibition hall,57000,57299,153
exhibition hall,57300,57599,173
exhibition hall,57600,57899,183
exhibition hall,57900,58199,212
exhibition hall,58200,58499,256
exhibition hall,58500,58799,321
exhibition hall,58800,59099,347
exhibition hall,59100,59399,360
exhibition hall,59400,59699,348
exhibition hall,59700,59999,27
exhibition hall,60000,60299,25
exhibition hall,60300,60599,24
exhibition hall,60600,60899,29
exhibition hall,60900,61199,29
exhibition hall,61200,61499,31
exhibition hall,61500,61799,48
exhibition hall,61800,62099,49
exhibition hall,62100,62399,37
exhibition hall,62400,62699,41
exhibition hall,62700,62999,41
exhibition hall,63000,63299,37
exhibition hall,63300,63599,6
exhibition hall,63600,63899,3
exhibition hall a,49800,50099,2
exhibition hall a,50100,50399,2
exhibition hall a,50400,50699,46
exhibition hall a,50700,50999,123
exhibition hall a,51000,51299,168
exhibition hall a,51300,51599,169
exhibition hall a,51600,51899,169
exhibition hall a,51900,52199,169
exhibition hall a,52200,52499,169
exhibition hall a,52500,52799,169
exhibition hall a,52800,53099,169
exhibition hall a,53100,53399,169
exhibition hall a,53400,53699,168
exhibition hall a,53700,53999,153
exhibition hall a,54000,54299,90
exhibition hall a,54300,54599,11
exhibition hall a,54600,54899,2
exhibition hall a,54900,55199,110
exhibition hall a,55200,55499,145
exhibition hall a,55500,55799,166
exhibition hall a,55800,56099,196
exhibition hall a,56100,56399,211
exhibition hall a,56400,56699,283
exhibition hall a,56700,56999,363
exhibition hall a,57000,57299,431
exhibition hall a,57300,57599,468
exhibition hall a,57600,57899,476
exhibition hall a,57900,58199,448
exhibition hall a,58200,58499,387
exhibition hall a,58500,58799,131
exhibition hall a,58800,59099,3
exhibition hall a,59100,59399,5
exhibition hall a,59400,59699,173
exhibition hall a,59700,59999,299
exhibition hall a,60000,60299,434
exhibition hall a,60300,60599,513
exhibition hall a,60600,60899,545
exhibition hall a,60900,61199,566
exhibition hall a,61200,61499,582
exhibition hall a,61500,61799,586
exhibition hall a,61800,62099,586
exhibition hall a,62100,62399,585
exhibition hall a,62400,62699,528
exhibition hall a,62700,62999,37
exhibition hall a,63000,63299,3
exhibition hall b,49800,50099,2
exhibition hall b,50100,50399,6
exhibition hall b,50400,50699,369
exhibition hall b,50700,50999,741
exhibition hall b,51000,51299,887
exhibition hall b,51300,51599,928
exhibition hall b,51600,51899,964
exhibition hall b,51900,52199,995
exhibition hall b,52200,52499,1026
exhibition hall b,52500,52799,1058
exhibition hall b,52800,53099,1087
exhibition hall b,53100,53399,1106
exhibition hall b,53400,53699,1119
exhibition hall b,53700,53999,1141
exhibition hall b,54000,54299,1166
exhibition hall b,54300,54599,1185
exhibition hall b,54600,54899,1216
exhibition hall b,54900,55199,1217
exhibition hall b,55200,55499,1213
exhibition hall b,55500,55799,1203
exhibition hall b,55800,56099,1187
exhibition hall b,56100,56399,1162
exhibition hall b,56400,56699,853
exhibition hall b,56700,56999,627
exhibition hall b,57000,57299,448
exhibition hall b,57300,57599,275
exhibition hall b,57600,57899,136
exhibition hall b,57900,58199,65
exhibition hall b,58200,58499,28
exhibition hall b,58500,58799,9
exhibition hall b,58800,59099,2
exhibition hall b,59100,59399,2
exhibition hall b,59400,59699,25
exhibition hall b,59700,59999,71
exhibition hall b,60000,60299,127
exhibition hall b,60300,60599,199
exhibition hall b,60600,60899,274
exhibition hall b,60900,61199,319
exhibition hall b,61200,61499,344
exhibition hall b,61500,61799,348
exhibition hall b,61800,62099,348
exhibition hall b,62100,62399,348
exhibition hall b,62400,62699,290
exhibition hall b,62700,62999,8
exhibition hall b,63000,63299,3
exhibition hall c,49800,50099,2
exhibition hall c,50100,50399,2
exhibition hall c,50400,50699,77
exhibition hall c,50700,50999,259
exhibition hall c,51000,51299,331
exhibition hall c,51300,51599,369
exhibition hall c,51600,51899,395
exhibition hall c,51900,52199,422
exhibition hall c,52200,52499,439
exhibition hall c,52500,52799,461
exhibition hall c,52800,53099,471
exhibition hall c,53100,53399,488
exhibition hall c,53400,53699,501
exhibition hall c,53700,53999,509
exhibition hall c,54000,54299,512
exhibition hall c,54300,54599,513
exhibition hall c,54600,54899,517
exhibition hall c,54900,55199,512
exhibition hall c,55200,55499,505
exhibition hall c,55500,55799,498
exhibition hall c,55800,56099,480
exhibition hall c,56100,56399,469
exhibition hall c,56400,56699,293
exhibition hall c,56700,56999,214
exhibition hall c,57000,57299,131
exhibition hall c,57300,57599,54
exhibition hall c,57600,57899,25
exhibition hall c,57900,58199,9
exhibition hall c,58200,58499,5
exhibition hall c,58500,58799,4
exhibition hall c,58800,59099,2
exhibition hall c,59100,59399,2
exhibition hall c,59400,59699,99
exhibition hall c,59700,59999,179
exhibition hall c,60000,60299,287
exhibition hall c,60300,60599,358
exhibition hall c,60600,60899,428
exhibition hall c,60900,61199,501
exhibition hall c,61200,61499,527
exhibition hall c,61500,61799,533
exhibition hall c,61800,62099,537
exhibition hall c,62100,62399,536
exhibition hall c,62400,62699,479
exhibition hall c,62700,62999,25
exhibition hall c,63000,63299,2
exhibition hall d,49800,50099,1
exhibition hall d,50100,50399,5
exhibition hall d,50400,50699,197
exhibition hall d,50700,50999,348
exhibition hall d,51000,51299,366
exhibition hall d,51300,51599,373
exhibition hall d,51600,51899,379
exhibition hall d,51900,52199,386
exhibition hall d,52200,52499,391
exhibition hall d,52500,52799,396
exhibition hall d,52800,53099,401
exhibition hall d,53100,53399,401
exhibition hall d,53400,53699,403
exhibition hall d,53700,53999,403
exhibition hall d,54000,54299,402
exhibition hall d,54300,54599,403
exhibition hall d,54600,54899,404
exhibition hall d,54900,55199,406
exhibition hall d,55200,55499,407
exhibition hall d,55500,55799,404
exhibition hall d,55800,56099,401
exhibition hall d,56100,56399,393
exhibition hall d,56400,56699,327
exhibition hall d,56700,56999,294
exhibition hall d,57000,57299,252
exhibition hall d,57300,57599,186
exhibition hall d,57600,57899,127
exhibition hall d,57900,58199,84
exhibition hall d,58200,58499,28
exhibition hall d,58500,58799,9
exhibition hall d,58800,59099,1
exhibition hall d,59100,59399,1
exhibition hall d,59400,59699,37
exhibition hall d,59700,59999,86
exhibition hall d,60000,60299,152
exhibition hall d,60300,60599,173
exhibition hall d,60600,60899,191
exhibition hall d,60900,61199,219
exhibition hall d,61200,61499,232
exhibition hall d,61500,61799,235
exhibition hall d,61800,62099,237
exhibition hall d,62100,62399,237
exhibition hall d,62400,62699,223
exhibition hall d,62700,62999,27
exhibition hall d,63000,63299,2
main convention,28800,29099,1
main convention,31800,32099,5
main convention,32100,32399,7
main convention,32400,32699,556
main convention,32700,32999,1345
main convention,33000,33299,2132
main convention,33300,33599,2435
main convention,33600,33899,2442
main convention,33900,34199,2453
main convention,34200,34499,2455
main convention,34500,34799,2453
main convention,34800,35099,2432
main convention,35100,35399,2474
main convention,35400,35699,2511
main convention,35700,35999,2537
main convention,36000,36299,2540
main convention,36300,36599,2543
main convention,36600,36899,2545
main convention,36900,37199,2546
main convention,37200,37499,2545
main convention,37500,37799,2518
main convention,37800,38099,2307
main convention,38100,38399,1231
main convention,38400,38699,250
main convention,38700,38999,14
main convention,39000,39299,601
main convention,39300,39599,1368
main convention,39600,39899,2151
main convention,39900,40199,2508
main convention,40200,40499,2513
main convention,40500,40799,2517
main convention,40800,41099,2518
main convention,41100,41399,2517
main convention,41400,41699,2499
main convention,41700,41999,2408
main convention,42000,42299,2296
main convention,42300,42599,2346
main convention,42600,42899,2357
main convention,42900,43199,2362
main convention,43200,43499,2364
main convention,43500,43799,2360
main convention,43800,44099,2292
main convention,44100,44399,1941
main convention,44400,44699,1097
main convention,44700,44999,362
main convention,45000,45299,9
main convention,45300,45599,13
main convention,45600,45899,14
main convention,45900,46199,9
main convention,48300,48599,1
main convention,48600,48899,1
main convention,49200,49499,2
main convention,50400,50699,5
main convention,51600,51899,1
main convention,52500,52799,1
main convention,54900,55199,1
main convention,57000,57299,2
main convention,57300,57599,1
main convention,58200,58499,1
main convention,59100,59399,1
main convention,59400,59699,1
main convention,63000,63299,12
main convention,63300,63599,1
main convention,71700,71999,1
poster area,30600,30899,5
poster area,30900,31199,57
poster area,31200,31499,128
poster area,31500,31799,151
poster area,31800,32099,176
poster area,32100,32399,200
poster area,32400,32699,253
poster area,32700,32999,12
poster area,33000,33299,12
poster area,33300,33599,5
poster area,33600,33899,10
poster area,33900,34199,17
poster area,34200,34499,17
poster area,34500,34799,29
poster area,34800,35099,40
poster area,35100,35399,67
poster area,35400,35699,38
poster area,35700,35999,15
poster area,36000,36299,12
poster area,36300,36599,26
poster area,36600,36899,21
poster area,36900,37199,12
poster area,37200,37499,9
poster area,37500,37799,23
poster area,37800,38099,75
poster area,38100,38399,127
poster area,38400,38699,260
poster area,38700,38999,301
poster area,39000,39299,322
poster area,39300,39599,64
poster area,39600,39899,14
poster area,39900,40199,6
poster area,40200,40499,4
poster area,40500,40799,4
poster area,40800,41099,6
poster area,41100,41399,10
poster area,41400,41699,16
poster area,41700,41999,53
poster area,42000,42299,56
poster area,42300,42599,33
poster area,42600,42899,33
poster area,42900,43199,17
poster area,43200,43499,18
poster area,43500,43799,1
poster area,43800,44099,3
poster area,44100,44399,15
poster area,44400,44699,11
poster area,44700,44999,15
poster area,45000,45299,33
poster area,45300,45599,81
poster area,45600,45899,159
poster area,45900,46199,247
poster area,46200,46499,330
poster area,46500,46799,396
poster area,46800,47099,363
poster area,47100,47399,334
poster area,47400,47699,276
poster area,47700,47999,241
poster area,48000,48299,163
poster area,48300,48599,121
poster area,48600,48899,94
poster area,48900,49199,109
poster area,49200,49499,128
poster area,49500,49799,159
poster area,49800,50099,195
poster area,50100,50399,241
poster area,50400,50699,680
poster area,50700,50999,709
poster area,51000,51299,188
poster area,51300,51599,102
poster area,51600,51899,100
poster area,51900,52199,74
poster area,52200,52499,64
poster area,52500,52799,66
poster area,52800,53099,58
poster area,53100,53399,60
poster area,53400,53699,51
poster area,53700,53999,98
poster area,54000,54299,134
poster area,54300,54599,78
poster area,54600,54899,152
poster area,54900,55199,163
poster area,55200,55499,92
poster area,55500,55799,86
poster area,55800,56099,85
poster area,56100,56399,493
poster area,56400,56699,567
poster area,56700,56999,643
poster area,57000,57299,702
poster area,57300,57599,678
poster area,57600,57899,584
poster area,57900,58199,534
poster area,58200,58499,597
poster area,58500,58799,495
poster area,58800,59099,271
poster area,59100,59399,198
poster area,59400,59699,371
poster area,59700,59999,299
poster area,60000,60299,365
poster area,60300,60599,236
poster area,60600,60899,253
poster area,60900,61199,269
poster area,61200,61499,199
poster area,61500,61799,125
poster area,61800,62099,114
poster area,62100,62399,214
poster area,62400,62699,1336
poster area,62700,62999,528
poster area,63000,63299,188
poster area,63300,63599,7
poster area,64200,64499,1
rest area,34500,34799,1
rest area,34800,35099,1
rest area,35100,35399,1
rest area,36600,36899,1
rest area,36900,37199,3
rest area,37200,37499,5
rest area,37500,37799,5
rest area,37800,38099,13
rest area,38100,38399,40
rest area,38400,38699,181
rest area,38700,38999,288
rest area,39000,39299,349
rest area,39300,39599,19
rest area,39600,39899,14
rest area,39900,40199,15
rest area,40200,40499,15
rest area,40500,40799,17
rest area,40800,41099,22
rest area,41100,41399,24
rest area,41400,41699,29
rest area,41700,41999,46
rest area,42000,42299,38
rest area,42300,42599,37
rest area,42600,42899,43
rest area,42900,43199,44
rest area,43200,43499,46
rest area,43500,43799,4
rest area,43800,44099,18
rest area,44100,44399,42
rest area,44400,44699,72
rest area,44700,44999,112
rest area,45000,45299,173
rest area,45300,45599,306
rest area,45600,45899,498
rest area,45900,46199,693
rest area,46200,46499,883
rest area,46500,46799,1016
rest area,46800,47099,1076
rest area,47100,47399,1115
rest area,47400,47699,1120
rest area,47700,47999,1119
rest area,48000,48299,1099
rest area,48300,48599,1052
rest area,48600,48899,990
rest area,48900,49199,926
rest area,49200,49499,843
rest area,49500,49799,780
rest area,49800,50099,700
rest area,50100,50399,592
rest area,50400,50699,494
rest area,50700,50999,185
rest area,51000,51299,139
rest area,51300,51599,109
rest area,51600,51899,75
rest area,51900,52199,58
rest area,52200,52499,46
rest area,52500,52799,38
rest area,52800,53099,27
rest area,53100,53399,22
rest area,53400,53699,19
rest area,53700,53999,17
rest area,54000,54299,17
rest area,54300,54599,13
rest area,54600,54899,21
rest area,54900,55199,24
rest area,55200,55499,16
rest area,55500,55799,20
rest area,55800,56099,24
rest area,56100,56399,29
rest area,56400,56699,58
rest area,56700,56999,123
rest area,57000,57299,213
rest area,57300,57599,346
rest area,57600,57899,510
rest area,57900,58199,701
rest area,58200,58499,897
rest area,58500,58799,1082
rest area,58800,59099,1293
rest area,59100,59399,1423
rest area,59400,59699,1422
rest area,59700,59999,757
rest area,60000,60299,62
rest area,60300,60599,51
rest area,60600,60899,57
rest area,60900,61199,93
rest area,61200,61499,157
rest area,61500,61799,243
rest area,61800,62099,238
rest area,62100,62399,1
restaurant,43200,43499,327
restaurant,43500,43799,354
restaurant,43800,44099,440
restaurant,44100,44399,574
restaurant,44400,44699,958
restaurant,44700,44999,1289
restaurant,45000,45299,1699
restaurant,45300,45599,1510
restaurant,45600,45899,1119
restaurant,45900,46199,679
restaurant,46200,46499,367
restaurant,46500,46799,208
restaurant,46800,47099,135
restaurant,47100,47399,125
restaurant,47400,47699,124
restaurant,47700,47999,124
restaurant,48000,48299,124
restaurant,48300,48599,127
restaurant,48600,48899,128
restaurant,48900,49199,125
restaurant,49200,49499,124
restaurant,49500,49799,52
restaurant,49800,50099,43
restaurant,50100,50399,36
restaurant,50400,50699,33
restaurant,50700,50999,25
restaurant,51000,51299,17
restaurant,51300,51599,6
restaurant,51600,51899,1
restaurant,63000,63299,135
restaurant,63300,63599,356
restaurant,63600,63899,354
restaurant,63900,64199,354
restaurant,64200,64499,355
restaurant,64500,64799,355
restaurant,64800,65099,354
restaurant,65100,65399,345
restaurant,65400,65699,317
restaurant,65700,65999,282
restaurant,66000,66299,245
restaurant,66300,66599,206
restaurant,66600,66899,177
restaurant,66900,67199,143
restaurant,67200,67499,115
restaurant,67500,67799,79
restaurant,67800,68099,40
room 1,54000,54299,244
room 1,54300,54599,253
room 1,54600,54899,235
room 1,59100,59399,5
room 1,59400,59699,427
room 1,59700,59999,856
room 1,60000,60299,1252
room 1,60300,60599,1240
room 1,60600,60899,1014
room 1,60900,61199,677
room 1,61200,61499,391
room 1,61500,61799,214
room 1,61800,62099,144
room 1,62100,62399,22
room 1,62400,62699,4
room 2,29700,29999,1
room 2,30000,30299,1
room 2,30300,30599,2
room 2,30600,30899,33
room 2,30900,31199,65
room 2,31200,31499,111
room 2,31500,31799,151
room 2,31800,32099,191
room 2,32100,32399,233
room 2,32400,32699,255
room 2,32700,32999,25
room 2,33000,33299,1
room 2,33300,33599,3
room 2,33600,33899,7
room 2,33900,34199,6
room 2,34200,34499,8
room 2,34500,34799,9
room 2,34800,35099,10
room 2,35100,35399,13
room 2,35400,35699,3
room 2,35700,35999,2
room 2,36000,36299,3
room 2,36300,36599,3
room 2,36600,36899,3
room 2,36900,37199,3
room 2,37200,37499,5
room 2,37500,37799,4
room 2,37800,38099,10
room 2,38100,38399,29
room 2,38400,38699,64
room 2,38700,38999,76
room 2,39000,39299,101
room 2,39300,39599,96
room 2,39600,39899,11
room 2,39900,40199,7
room 2,40200,40499,8
room 2,40500,40799,8
room 2,40800,41099,8
room 2,41100,41399,9
room 2,41400,41699,13
room 2,41700,41999,26
room 2,42000,42299,31
room 2,42300,42599,21
room 2,42600,42899,29
room 2,42900,43199,31
room 2,43200,43499,30
room 2,43800,44099,1
room 2,44100,44399,14
room 2,44400,44699,18
room 2,44700,44999,35
room 2,45000,45299,62
room 2,45300,45599,92
room 2,45600,45899,127
room 2,45900,46199,191
room 2,46200,46499,199
room 2,46500,46799,219
room 2,46800,47099,230
room 2,47100,47399,246
room 2,47400,47699,255
room 2,47700,47999,260
room 2,48000,48299,259
room 2,48300,48599,256
room 2,48600,48899,258
room 2,48900,49199,255
room 2,49200,49499,257
room 2,49500,49799,261
room 2,49800,50099,265
room 2,50100,50399,261
room 2,50400,50699,238
room 2,50700,50999,105
room 2,51000,51299,99
room 2,51300,51599,94
room 2,51600,51899,92
room 2,51900,52199,89
room 2,52200,52499,84
room 2,52500,52799,75
room 2,52800,53099,70
room 2,53100,53399,68
room 2,53400,53699,63
room 2,53700,53999,62
room 2,54000,54299,63
room 2,54300,54599,33
room 2,54600,54899,34
room 2,54900,55199,36
room 2,55200,55499,28
room 2,55500,55799,25
room 2,55800,56099,27
room 2,56100,56399,32
room 2,56400,56699,50
room 2,56700,56999,76
room 2,57000,57299,104
room 2,57300,57599,134
room 2,57600,57899,155
room 2,57900,58199,197
room 2,58200,58499,219
room 2,58500,58799,237
room 2,58800,59099,261
room 2,59100,59399,261
room 2,59400,59699,237
room 2,59700,59999,9
room 2,60000,60299,16
room 2,60300,60599,48
room 2,60600,60899,72
room 2,60900,61199,84
room 2,61200,61499,86
room 2,61500,61799,87
room 2,61800,62099,92
room 2,62100,62399,92
room 2,62400,62699,143
room 2,62700,62999,199
room 2,63000,63299,228
room 3,32400,32699,2
room 3,32700,32999,2
room 3,33900,34199,1
room 3,34200,34499,2
room 3,34500,34799,5
room 3,34800,35099,7
room 3,35100,35399,16
room 3,35400,35699,5
room 3,35700,35999,3
room 3,36000,36299,2
room 3,36300,36599,4
room 3,36600,36899,2
room 3,37200,37499,1
room 3,37500,37799,1
room 3,37800,38099,276
room 3,38100,38399,625
room 3,38400,38699,670
room 3,38700,38999,350
room 3,39000,39299,31
room 3,39300,39599,7
room 3,39600,39899,1
room 3,39900,40199,1
room 3,41400,41699,2
room 3,41700,41999,3
room 3,42000,42299,1
room 3,44700,44999,1
room 3,45300,45599,5
room 3,45600,45899,11
room 3,45900,46199,5
room 3,46200,46499,10
room 3,46500,46799,14
room 3,46800,47099,15
room 3,47100,47399,6
room 3,47400,47699,4
room 3,47700,47999,2
room 3,48000,48299,2
room 3,48300,48599,2
room 3,48600,48899,2
room 3,48900,49199,4
room 3,49200,49499,6
room 3,49500,49799,7
room 3,49800,50099,10
room 3,50100,50399,13
room 3,50400,50699,4
room 3,53400,53699,2
room 3,53700,53999,3
room 3,54000,54299,2
room 3,54300,54599,9
room 3,54600,54899,4
room 3,54900,55199,1
room 3,55200,55499,2
room 3,55500,55799,1
room 3,56100,56399,2
room 3,56700,56999,2
room 3,57000,57299,2
room 3,57300,57599,1
room 3,57600,57899,1
room 3,57900,58199,1
room 3,58200,58499,2
room 3,58500,58799,4
room 3,58800,59099,4
room 3,59100,59399,2
room 3,60900,61199,1
room 3,61200,61499,1
room 3,61500,61799,2
room 3,62100,62399,2
room 3,62700,62999,2
room 4,30900,31199,2
room 4,31200,31499,6
room 4,31500,31799,10
room 4,31800,32099,16
room 4,32100,32399,18
room 4,32400,32699,19
room 4,32700,32999,1
room 4,33000,33299,1
room 4,33300,33599,1
room 4,33600,33899,1
room 4,33900,34199,2
room 4,34200,34499,3
room 4,34500,34799,3
room 4,34800,35099,6
room 4,35100,35399,10
room 4,35400,35699,2
room 4,35700,35999,1
room 4,36000,36299,1
room 4,36300,36599,1
room 4,37500,37799,1
room 4,37800,38099,8
room 4,38100,38399,15
room 4,38400,38699,19
room 4,38700,38999,19
room 4,39000,39299,18
room 4,39300,39599,2
room 4,39600,39899,2
room 4,39900,40199,2
room 4,40200,40499,2
room 4,40500,40799,2
room 4,40800,41099,2
room 4,41100,41399,2
room 4,41400,41699,8
room 4,41700,41999,10
room 4,42000,42299,9
room 4,42300,42599,8
room 4,42600,42899,9
room 4,42900,43199,9
room 4,43200,43499,9
room 4,43500,43799,1
room 4,43800,44099,1
room 4,44100,44399,5
room 4,44400,44699,6
room 4,44700,44999,8
room 4,45000,45299,8
room 4,45300,45599,10
room 4,45600,45899,13
room 4,45900,46199,16
room 4,46200,46499,16
room 4,46500,46799,19
room 4,46800,47099,21
room 4,47100,47399,23
room 4,47400,47699,25
room 4,47700,47999,25
room 4,48000,48299,24
room 4,48300,48599,25
room 4,48600,48899,24
room 4,48900,49199,24
room 4,49200,49499,25
room 4,49500,49799,25
room 4,49800,50099,25
room 4,50100,50399,25
room 4,50400,50699,19
room 4,50700,50999,10
room 4,51000,51299,10
room 4,51300,51599,9
room 4,51600,51899,9
room 4,51900,52199,9
room 4,52200,52499,8
room 4,52500,52799,8
room 4,52800,53099,7
room 4,53100,53399,7
room 4,53400,53699,6
room 4,53700,53999,8
room 4,54000,54299,8
room 4,54300,54599,5
room 4,54600,54899,5
room 4,54900,55199,5
room 4,55200,55499,7
room 4,55500,55799,7
room 4,55800,56099,7
room 4,56100,56399,9
room 4,56400,56699,12
room 4,56700,56999,14
room 4,57000,57299,16
room 4,57300,57599,18
room 4,57600,57899,20
room 4,57900,58199,21
room 4,58200,58499,22
room 4,58500,58799,22
room 4,58800,59099,22
room 4,59100,59399,21
room 4,59400,59699,17
room 4,59700,59999,1
room 4,60000,60299,2
room 4,60300,60599,2
room 4,60600,60899,3
room 4,60900,61199,6
room 4,61200,61499,10
room 4,61500,61799,13
room 4,61800,62099,15
room 4,62100,62399,16
room 4,62400,62699,18
room 4,62700,62999,22
room 4,63000,63299,27
room 4,63300,63599,1
room 5,31200,31499,1
room 5,31500,31799,2
room 5,31800,32099,2
room 5,32100,32399,2
room 5,32400,32699,68
room 5,32700,32999,150
room 5,33000,33299,175
room 5,33300,33599,175
room 5,33600,33899,175
room 5,33900,34199,176
room 5,34200,34499,176
room 5,34500,34799,176
room 5,34800,35099,176
room 5,35100,35399,176
room 5,35400,35699,176
room 5,35700,35999,176
room 5,36000,36299,176
room 5,36300,36599,176
room 5,36600,36899,176
room 5,36900,37199,176
room 5,37200,37499,176
room 5,37500,37799,176
room 5,37800,38099,176
room 5,38100,38399,120
room 5,38400,38699,121
room 5,38700,38999,149
room 5,39000,39299,160
room 5,39300,39599,174
room 5,39600,39899,176
room 5,39900,40199,176
room 5,40200,40499,176
room 5,40500,40799,176
room 5,40800,41099,176
room 5,41100,41399,176
room 5,41400,41699,176
room 5,41700,41999,176
room 5,42000,42299,176
room 5,42300,42599,175
room 5,42600,42899,175
room 5,42900,43199,175
room 5,43200,43499,175
room 5,43500,43799,5
room 5,43800,44099,26
room 5,44100,44399,69
room 5,44400,44699,113
room 5,44700,44999,143
room 5,45000,45299,161
room 5,45300,45599,168
room 5,45600,45899,173
room 5,45900,46199,174
room 5,46200,46499,175
room 5,46500,46799,177
room 5,46800,47099,178
room 5,47100,47399,178
room 5,47400,47699,180
room 5,47700,47999,180
room 5,48000,48299,180
room 5,48300,48599,180
room 5,48600,48899,180
room 5,48900,49199,180
room 5,49200,49499,180
room 5,49500,49799,183
room 5,49800,50099,183
room 5,50100,50399,180
room 5,50400,50699,179
room 5,50700,50999,176
room 5,51000,51299,176
room 5,51300,51599,176
room 5,51600,51899,176
room 5,51900,52199,176
room 5,52200,52499,176
room 5,52500,52799,176
room 5,52800,53099,176
room 5,53100,53399,176
room 5,53400,53699,176
room 5,53700,53999,176
room 5,54000,54299,176
room 5,54300,54599,71
room 5,54600,54899,71
room 5,54900,55199,71
room 5,55200,55499,71
room 5,55500,55799,71
room 5,55800,56099,71
room 5,56100,56399,71
room 5,56400,56699,71
room 5,56700,56999,71
room 5,57000,57299,71
room 5,57300,57599,71
room 5,57600,57899,71
room 5,57900,58199,70
room 5,58200,58499,70
room 5,58500,58799,71
room 5,58800,59099,71
room 5,59100,59399,71
room 5,59400,59699,63
room 5,59700,59999,10
room 5,60000,60299,10
room 5,60300,60599,10
room 5,60600,60899,10
room 5,60900,61199,10
room 5,61200,61499,10
room 5,61500,61799,10
room 5,61800,62099,10
room 5,62100,62399,10
room 5,62400,62699,10
room 5,62700,62999,9
room 5,63000,63299,5
room 5,63300,63599,2
room 5,63600,63899,2
room 5,63900,64199,1
room 5,64200,64499,1
room 6,27000,27299,4
room 6,27300,27599,10
room 6,27600,27899,14
room 6,27900,28199,17
room 6,28200,28499,22
room 6,28500,28799,28
room 6,28800,29099,32
room 6,29100,29399,2
room 6,30000,30299,2
room 6,30300,30599,4
room 6,30600,30899,6
room 6,30900,31199,7
room 6,31200,31499,8
room 6,31500,31799,8
room 6,31800,32099,13
room 6,32100,32399,6
room 6,32400,32699,4
room 6,32700,32999,1
room 6,39300,39599,2
room 6,39600,39899,7
room 6,39900,40199,10
room 6,40200,40499,9
room 6,40500,40799,8
room 6,40800,41099,8
room 6,41100,41399,9
room 6,41400,41699,11
room 6,41700,41999,12
room 6,42000,42299,46
room 6,42300,42599,53
room 6,42600,42899,53
room 6,42900,43199,53
room 6,43200,43499,53
room 6,43500,43799,53
room 6,43800,44099,74
room 6,44100,44399,46
room 6,44400,44699,35
room 6,44700,44999,35
room 6,45000,45299,32
room 6,45300,45599,32
room 6,45600,45899,28
room 6,45900,46199,15
room 6,46200,46499,18
room 6,46500,46799,14
room 6,46800,47099,10
room 6,47100,47399,10
room 6,47400,47699,10
room 6,47700,47999,10
room 6,48000,48299,9
room 6,48300,48599,9
room 6,48600,48899,8
room 6,48900,49199,8
room 6,49200,49499,6
room 6,49500,49799,6
room 6,49800,50099,5
room 6,50100,50399,2
room 6,50400,50699,2
room 6,50700,50999,1
room 6,52500,52799,1
room 6,52800,53099,1
room 6,53100,53399,1
room 6,58500,58799,1
room 6,60900,61199,1
